SKU,Item code,Name,Category,pa_høyde-(cm),pa_bredde-(cm),pa_kjedelengde-(cm),Price,Total Price USD,Image,Tags,Description,,,
2161,BA016-950,Ankelkjede i sølv med hjerter og beads,Ankelkjeder,,,24,555,5.376536313,3625.jpg|3627.jpg,"ankelkjede,sterling sølv,hjerte",,,,
2162,BA018-750,Ankelkjede i sølv med hjerter,Ankelkjeder,,,24,565,4.511955307,3557.jpg|3559.jpg,"anklet,sterling sølv,hjerte",,,,
2163,BGL016-2200,Armbånd i sølv,Armbånd,,,20,610,3.008715084,3499.jpg,"armbånd,sterling sølv",One-size.,,,
2164,BGL019-2500,Sølvarmbånd,Armbånd,,,17,500,17.08692737,3493.jpg|3495.jpg,"armbånd,sterling sølv,hjerte",,,,
2165,BM016-2200,Panserarmbånd i sølv,Armbånd,,,21.5,555,16.3575419,3725.jpg|3727.jpg,"sterling sølv,armbånd,panserarmbånd,mann",,,,
2166,BRW045-1400,Sølvarmbånd med hjerter,Armbånd,,,19,500,6.166256983,3620.jpg|3623.jpg,"armbånd,ankerarmbånd,sterling sølv,hjerte",,,,
2167,BRW090-1800,Hjertearmbånd i sølv,Armbånd,,,19,480,8.947486034,3574.jpg|3579.jpg,"armbånd,sterling sølv,hjerte",Armbånd med perler omkranset av sølvbelagte blomster,,,
2168,BRW117-1200,Bar link armbånd i sølv,Armbånd,,,18,480,11.3877095,3510.jpg|3511.jpg,"armbånd,sterling sølv,bar",,,,
2170,ED009-550,Hjerte-ørepynt i sølv,Ørepynt,4,1,,535,2.592178771,,"øredobber,sterling sølv,rund,hjerte",,,,
2171,ED034-500,Hjerte-ørepynt i sølv,Ørepynt,1.5,0.9,,535,2.708826816,,"øredobber,sterling sølv,hjerte",,,,
2172,EHD005-400,Hjerteformet ørepynt i sølv,Ørepynt,2,1,,535,1.373854749,3282.jpg,"ørepynt,sterling sølv",,,,
2173,EHD006-350,Sølvanheng med kors,Ørepynt,3,1,,520,1.439106145,3292.jpg|3298.jpg,"ørepynt,sterling sølv,kors",,,,
2174,EHD008-400,Ørepynt i sølv formet som discoballer,Ørepynt,2.5,0.75,,535,2.125586592,3155.jpg,"ørepynt,sterling sølv,baller,krok",,,,
2175,EHD037-600,Øreringer i sølv med hjerter,Ørepynt,5,0.75,,535,2.838435754,3376.jpg,"ørepynt,sterling sølv,hjerte,krok",,,,
2176,EHD040-600,Diamantformet ørepynt i sølv,Ørepynt,2.3,3.4,,535,3.110614525,3303.jpg,"ørepynt,sterling sølv,krok",,,,
2177,EL009L-550,Øreringer i sølv,Ørepynt,,,,500,3.801117318,3350.jpg,"ørepynt,loop,rund,sterling sølv",,,,
2178,EL027-450,Sirkel-øreringer i sølv,Ørepynt,,,,535,2.812513966,3357.jpg,"ørepynt,sterling sølv,loop,rund",,,,
2179,ELC014-400,Øreringer i sølv med kors,Ørepynt,2.5,1.4,,535,1.490502793,3371.jpg,"ørepynt,sterling sølv,loop,rund,kors",,,,
2180,EP018-250,Lange ear lines i sølv med kors,Ørepynt,9.5,0.85,,555,1.555307263,3362.jpg,"ørepynt,sterling sølv,pastrow,kors",,,,
2181,ES046-400,Sølv-øredobber med inngravert mønster,Ørepynt,,,,555,2.091620112,3286.jpg,"sterling sølv,baller,øredobber,gravert,løv",,,,
2182,ES055-350,Enkle øredobber i sølv,Ørepynt,0.75,0.75,,520,1.464134078,3313.jpg,"øredobber,sterling sølv,rund",,,,
2183,ES064-350,Ørepynt med sølvkors,Ørepynt,1.25,1,,535,1.58122905,3290.jpg,"øredobber,kors",,,,
2184,ES077-300,Syklonformet sølvanheng ,Ørepynt,1,1,,535,2.345921788,3380.jpg|3383.jpg,"øredobber,sterling sølv,syklon",,,,
2185,ES094-420,Ørepynt i sølv med zirkoner og onyx,Ørepynt,0.75,0.75,,535,1.555307263,3308.jpg,"øredobber,sterling sølv,hjerte",,,,
2186,ES097-300,Hjerteanheng i sølv,Ørepynt,0.75,0.75,,535,1.81452514,3386.jpg|3388.jpg,"øredobber,sterling sølv,blomster,hjerte",,,,
2187,ESD019-400,Ørepynt i sølv med perler,Ørepynt,2,0.75,,555,2.681564246,3175.jpg,"øredobber,sterling sølv,perler,sommerfugl,zirkoner",,,,
2188,ESD029-650,Ørepynt,Ørepynt,1.5,1.1,,575,2.951061453,3221.jpg|3233.jpg,"øredobber,sterling sølv,zirkoner,hjerte",,,,
2190,ESL012-700,Små øreringer i sølv,Ørepynt,,,,575,2.646256983,3402.jpg,"ørepynt,sterling sølv,loop,zirkoner",,,,
2193,ESL023-450,Ørepynt i sølv med zirkoner,Ørepynt,,,,575,3.061899441,3391.jpg|3395.jpg,"ørepynt,sterling sølv,loop,zirkoner,hjerte",,,,
2198,ESLD001-850,Ørepynt i sølv med hjerter,Ørepynt,1.25,2.75,,575,4.932290503,3455.jpg,"ørepynt,sterling sølv,loop,zirkoner,hjerte",,,,
2200,ESLD003-650,Øreringer i sølv med zirkoner,Ørepynt,3.75,1.25,,575,5.486480447,3441.jpg,"ørepynt,sterling sølv,loop,zirkoner",,,,
2201,ESLD007 -800,Ørepynt i sølv med kors,Ørepynt,2.8,1.4,,575,4.378100559,3445.jpg|3446.jpg,"ørepynt,sterling sølv,loop,zirkoner,kors",,,,
2202,ESLD008-750,Øreringe med perler og zirkoner,Ørepynt,2.5,1.2,,575,3.394413408,3422.jpg,"ørepynt,sterling sølv,loop,zirkoner,perler,fersken",,,,
2203,ESLD016-650,Svaneformet ørepynt i sølv,Ørepynt,3.75,1.25,,575,3.851620112,3405.jpg|3407.jpg|3409.jpg|3410.jpg,"ørepynt,sterling sølv,loop,zirkoner,svane",,,,
2204,ESLD017-650,Øreringer med hengende zirkoner,Ørepynt,2.5,1,,555,3.231284916,3419.jpg,"ørepynt,sterling sølv,loop,zirkoner",,,,
2209,ESS008-550,Pusekatt-ørepynt i sølv,Ørepynt,7.5,1,,575,1.662569832,3340.jpg,"øredobber,sterling sølv,zirkoner,pusekatt",,,,
2211,ESS032-500,Øredobber i sølv med zirkoner og krystaller,Ørepynt,,,,610,4.277094972,3323.jpg|3325.jpg,"øredobber,sterling sølv,zirkoner,sorte krystaller,blomst",,,,
2212,ESS039-400,Sølv-øredobber med zirkoner og krystaller,Ørepynt,1,1,,595,2.946145251,3315.jpg|3320.jpg,"øredobber,sterling sølv,zirkoner,sorte krystaller,blomst",,,,
2213,ESS048-650,Perleøredobber i sølv med zirkoner,Ørepynt,0.8,0.8,,610,3.229944134,3328.jpg|3332.jpg,"øredobber,sterling sølv,zirkoner,kremfarget,perler",,,,
2244,KB0797 ,Armbånd med perler,Armbånd,,,20.5,1140,6.699441341,2373.jpg,"sølvbelagt,armbånd,ferskvannsperler",,,,
2245,KB0800 ,Armbånd med potetformede perler,Armbånd,,,19,1140,6.699441341,2507.jpg,"sølvbelagt,armbånd,ferskvannsperler",,,,
2246,KB0803 ,Armbånd med gråe ferskvannsperler,Armbånd,,,21,1140,6.698324022,2364.jpg,"sølvbelagt,armbånd,ferskvannsperler",,,,
2247,KB0816,Armbånd med gråe og kremfargede perler,Armbånd,,,18,1520,8.932960894,2364.jpg,"sølvbelagt,armbånd,ferskvannsperler",,,,
2248,KB0818,Armbånd med ovale ferskvannsperler,Armbånd,,,19,1140,6.698324022,2500.jpg|2503.jpg,"sølvbelagt,armbånd,ferskvannsperler",,,,
2249,KB0868 ,Armring dekket med perler,Armbånd,,,,1520,8.932960894,2349.jpg,"sølvbelagt,armring,ferskvannsperler",,,,
2250,KB1046 ,Armbånd med ferskvannsperler,Armbånd,,,19,570,3.347486034,2370.jpg,"sølvbelagt,armbånd,ferskvannsperler",,,,
2251,KB1054 ,Armbånd med ferskvannsperler,Armbånd,,,19,760,4.463687151,2461.jpg,"sølvbelagt,armbånd,ferskvannsperler",,,,
2253,KE0831,Ørepynt med 3 hengende ferskvannsperler,Ørepynt,5,5,,570,3.346368715,2494.jpg,"sølvbelagt,ferskvannsperler,ørepynt",,,,
2254,KE0892 ,Store øredobber med abalone skjell,Ørepynt,2.25,2.25,,190,1.117318436,2432.jpg|2434.jpg|2436.jpg,"baller,perlemor,øredobber",,,,
2255,KE0932,Sølvbelagt ørepynt med perleklynge,Ørepynt,4.75,4.75,,760,4.463687151,2443.jpg,"sølvbelagt,ferskvannsperler,ørepynt,krok",,,,
2256,KE0934 ,Ørepynt med ferskvanns tvillingperler,Ørepynt,5.5,5.5,,570,3.346368715,2514.jpg|2520.jpg,"sterling sølv,kabel,ørepynt,ferskvannsperler,krok",,,,
2257,KE0935 ,Ørepynt med ferskvannsperle,Ørepynt,1.75,3,,1900,11.16759777,2621.jpg|2627.jpg,"sterling sølv,krok,ørepynt,avlang,ferskvannsperler",,,,
2258,KE0937,Ørepynt med plummeformede ferskvannsperler,Ørepynt,3,3,,1385,3.346368715,,"sterling sølv,krok,ørepynt,avlang,ferskvannsperler",,,,
2259,KE0939,Ørepynt med myntformede ferskvannsperler,Ørepynt,3,1.25,,760,4.464804469,2448.jpg,"sterling sølv,solid,krok,ørepynt,mynt,ferskvannsperler",,,,
2260,KE0949,Ørepynt med dråpeformede perler,Ørepynt,3.5,1,,760,4.463687151,2616.jpg,"sølvbelagt,solid,krok,øredobber,avlang,ferskvannsperler",,,,
2261,KE0951,Ørepynt med potetformede ferskvannsperler,Ørepynt,2.75,1,,760,4.463687151,2462.jpg|2482.jpg,"sølvbelagt,ørepynt,zirkoner,blomster,kremfarget,avlang,ferskvannsperler ",,,,
2262,KE0952 ,Øredobber med ferskvannsperler,Ørepynt,3,0.5,,760,4.463687151,2449.jpg|2451.jpg|2454.jpg,"sølvbelagt,øredobber,zirkoner,dråpe,kremfarget,avlang,ferskvannsperler ",,,,
2263,KE0955 ,Søte perleøredobber,Ørepynt,0.75,0.75,,380,4.463687151,2399.jpg,"sølvbelagt,øredobber,rund,ferskvannsperler ",,,,
2264,KE0957,Øredobber med ferskvannsperler,Ørepynt,1,1,,760,4.463687151,2609.jpg|2655.jpg,"sølvbelagt,øredobber,rund,ferskvannsperler ",,,,
2265,KE0961,Sjøstjerne-øredobber,Ørepynt,1,1,,760,4.463687151,2522.jpg|2530.jpg,"sølvbelagt,øredobber,rund,ferskvannsperler,stjernefisk",,,,
2266,KE0964 ,Grå ferskvannsperler på sølv-ørepynt,Ørepynt,2,2,,760,4.463687151,2645.jpg|2651.jpg,"sølvbelagt,øredobber,rund,ferskvannsperler,blomster",,,,
2267,KE0972 ,Ørepynt i sølv med kremfarget perle,Ørepynt,2,2,,760,4.463687151,2660.jpg|2664.jpg|2666.jpg,"sølvbelagt,øredobber,rund,ferskvannsperler,blomster",,,,
2268,KE0976 ,Øreringer med to ferskvannsperler,Ørepynt,1,1.5,,760,4.463687151,2538.jpg,"sølvbelagt,øredobber,rund,ferskvannsperler",,,,
2270,KE1205,Øredobber med ferskvannsperle,Ørepynt,1,0.5,,270,15.63687151,2628.jpg|2632.jpg|2634.jpg|2642.jpg,"sølvbelagt,øredobber,rund,ferskvannsperler",,,,
2271,KE1208,Øredobber med cabochon ferskvannsperler,Ørepynt,1.25,1.25,,760,4.463687151,2396.jpg,"sølvbelagt,øredobber,rund,ferskvannsperler",,,,
2272,KN0790 ,Kjede med ferskvannsperler,Kjeder og Anheng,,,47,1520,8.932960894,2393.jpg,"silke,kremfarget,avlang,ferskvannsperler,øye,kjede",,,,
2273,KN0791,Halskjede med ferskvannsperler,Kjeder og Anheng,,,46,2660,15.63687151,2355.jpg|2358.jpg,"silke,kremfarget,grå,ferskvannsperler,kjede",,,,
2274,KN0792,Flott kjede med ferskvannsperler,Kjeder og Anheng,,,45,1900,11.16759777,2485.jpg,"silke,kremfarget,avlang,ferskvannsperler,øye,kjede",,,,
2275,KN0808,Perlehalskjede med ferskvannsperler,Kjeder og Anheng,,,120,610,7.148603352,2476.jpg,"sølvbelagt,kremfarget,avlang,ferskvannsperler,kjede",,,,Sjøstjerne-øredobber med ferskvannsperler
2276,KN0810 ,Eksklusivt operakjede med ferskvannsperler,Kjeder og Anheng,,,112,2710,22.34078212,2420.jpg|2425.jpg,"silke,ferskvannsperler,kjede",,,,
2277,KN0814 ,Perlemor-anheng med ferskvannsperler,Kjeder og Anheng,,,48,760,4.463687151,2542.jpg|2545.jpg,"baroque,ferskvannsperler,nylon,kjede,perlemor",,,,
2279,KN0844 ,Kjede i lær med keshi ferskvannsperler,Kjeder og Anheng,,,45,1900,11.16759777,,"perlemor,perler,keshi,ferskvannsperler,blomster,kjede,abalone,skjell,krystaller",,,,
2281,KN0926,Abalone skjell-anheng med lærkjede,Kjeder og Anheng,,,57,1900,11.16759777,2597.jpg|2605.jpg,"lær,kjede,sølvbelagt,filigran,anheng,perlemor",,,,
2282,KN0928 ,Medaljongkjede i perlemor,Kjeder og Anheng,,,51,1900,11.16759777,2549.jpg,"lær,kjede,sølvbelagt,perlemor,rund,medaljong,ferskvannsperler",,,,
2283,KN0930 ,Kjede med Kasumi ferskvannsperler,Kjeder og Anheng,,,52,1900,11.16759777,2405.jpg,"nylon,belagt,rørformet,kjede,silver,kobber,perlemor,oval,medaljong ,keshi",,,,
2284,KN0991,Kjede med ferskvannsperler,Kjeder og Anheng,,,43.5,1520,13.40223464,2345.jpg,"sølvbelagt,kremfarget,avlang,ferskvannsperler,kjede",,,,
2401,KN0991,Armbånd med ferskvannsperler,Kjeder og Anheng,,,19,760,13.40223464,2345.jpg,"sølvbelagt,kremfarget,avlang,ferskvannsperler,armbånd",,,,
2285,KN1016,Kjede med kasumi ferskvannsperler,Kjeder og Anheng,,,42,1900,11.16759777,2352.jpg|2355.jpg,"sølvbelagt,kremfarget,avlang,ferskvannsperler,kjede,kazumi",,,,
2286,KN1020 ,Kulekjede med ferskvannsperler,Kjeder og Anheng,,,40.5,950,5.581005587,2469.jpg,"sølvbelagt,kremfarget,avlang,ferskvannsperler,kjede",,,,
2287,KN1028,Sølvbelagt kjede med keshi ferskvannsperle,Kjeder og Anheng,,,42,760,4.463687151,2377.jpg|2379.jpg,"sølvbelagt,blomster,anheng,keshi,ferskvannsperler",,,,
2288,KN1086,Kjede med ildkule-perle og zirkon,Kjeder og Anheng,,,42,1710,11.16759777,2571.jpg|2574.jpg,"sølvbelagt,tvunnet kjede,kobber,anheng,ferskvannsperler,kjede",,,,
2289,KN1091,Perlekjede med zirkoner,Kjeder og Anheng,3.5,3.5,42,1710,10.05027933,2577.jpg|2578.jpg,"sølvbelagt,tvunnet kjede,anheng,ferskvannsperler,kjede",,,,
2290,KN1094 ,Slangekjede med ferskvannsperler,Kjeder og Anheng,1,1,41.5,2280,13.40223464,2410.jpg,"sølvbelagt,mesh,kremfarget,oval,ferskvannsperler,kjede",,,,
2291,KN1176,Ferskvanns perlekjede på perlemorplate,Kjeder og Anheng,,,51,1330,7.815642458,2583.jpg|2586.jpg,"lær,kjede,perlemor,ferskvannsperler",,,,
2292,KN1191,Perlemor-anheng med babyperler,Kjeder og Anheng,,,51,950,5.581005587,2563.jpg|2566.jpg|2567.jpg,"lær,kjede,perlemor,ferskvannsperler",,,,
2293,KN1196 ,Perlemor-anheng med orkide,Kjeder og Anheng,,,50,1330,7.815642458,2556.jpg|2560.jpg,"lær,kjede,abalone,skjell,anheng,medaljong",,,,
2294,"N001 18""-400",Ertekjede i sølv,Kjeder og Anheng,,,45.5,510,2.94972067,3591.jpg|3596.jpg,"kjede,ertekjede,sterling sølv",,,,
2295,"N002 18 ""-650",Hjerteformet kabelkjede i sølv,Kjeder og Anheng,,,45.5,490,3.67150838,3520.jpg|3523.jpg,"kabelkjede,sterling sølv,hjerte",,,,
2296,"N004 18""-550",Tvunnet halskjede i sølv,Kjeder og Anheng,,,45.5,565,4.90726257,3526.jpg|3527.jpg,"kjede,sterling sølv,tvunnet kjede",,,,
2297,"N010 16""-280",Hjerteformet kabelkjede i sølv,Kjeder og Anheng,,,40.5,595,2.145251397,3514.jpg|3515.jpg|3519.jpg,"kabelkjede,sterling sølv,hjerte",,,,
2298,"N010 18""-550",Hjerteformet kabelkjede i sølv,Kjeder og Anheng,,0.2,45.5,510,2.912849162,3516.jpg|3517.jpg|3518.jpg,"kabelkjede,sterling sølv",,,,
2299,"N011 050c 16""- 850",Tvunnet halskjede i sølv,Kjeder og Anheng,,,40.5,565,3.544134078,3637.jpg|3640.jpg,"ankerkjede,sterling sølv",,,,
2300,"N011 050c 18""-900",Tvunnet halskjede i sølv,Kjeder og Anheng,,,45.5,565,4.280223464,3645.jpg|3647.jpg|3648.jpg,"ankerkjede,sterling sølv",,,,
2301,"N012 040c 16""-450",Marine kjede i sølv,Kjeder og Anheng,,,40.5,575,2.493854749,3534.jpg,"kjede,sterling sølv,marine",,,,
2302,"N012 050c 16""-750",Marine kjede i sølv,Kjeder og Anheng,,,40.5,565,3.421452514,3535.jpg,"kjede,sterling sølv",,,,
2303,N019 22c  -210     ,Tvunnet halskjede i sølv,Kjeder og Anheng,,0.22,45.5,490,4.145251397,3536.jpg|3541.jpg,"kjede,sterling sølv,tvunnet kjede",,,,
2304,N019 30 c- 250        ,Tvunnet sølvkjede,Kjeder og Anheng,,,45.5,575,1.648715084,3739.jpg,"kjede,sterling sølv,tvunnet kjede",,,,
2305,N019 40c-510,Tvunnet halskjede i sølv,Kjeder og Anheng,,,45.5,490,4.180782123,3542.jpg|3543.jpg,"kjede,sterling sølv,tvunnet kjede",,,,
2306,N019 40c-570,Tvunnet halskjede i sølv,Kjeder og Anheng,,,51,490,4.204469274,3598.jpg|3601.jpg,"kjede,sterling sølv,tvunnet kjede",,,,
2307,"N026 022C  18""-500",Veneziakjede i sølv,Kjeder og Anheng,,,45.5,510,3.687150838,3585.jpg|3588.jpg,"kjede,veneziakjede,sterling sølv",,,,
2308,"N031 022C  16""-500",Tvunnet halskjede i sølv,Kjeder og Anheng,,0.22,40.5,565,3.830391061,3580.jpg|3583.jpg,"kjede,sterling sølv",,,,
2309,"N031 022C  18""-550",Tvunnet halskjede i sølv,Kjeder og Anheng,,0.22,45.5,565,4.348379888,3548.jpg|3549.jpg,"kjede,sterling sølv",,,,
2310,"N031 030C  16""-600",Tvinnet halskjede i sølv,Kjeder og Anheng,,0.3,40.5,565,3.857653631,3500.jpg|3501.jpg|3503.jpg,"kjede,sterling sølv",,,,
2311,"N031 030C  18""-700",Tvinnet halskjede i sølv,Kjeder og Anheng,,0.3,45.5,565,4.375642458,3500.jpg|3501.jpg|3503.jpg,"kjede,sterling sølv",,,,
2312,"N031 050C  18""-1800",Tvunnet halskjede i sølv,Kjeder og Anheng,,0.3,45.5,500,11.94636872,3630.jpg|3633.jpg|3635.jpg,"kjede,sterling sølv",,,,
2313,"N031 050C  20""-2000",Tvunnet halskjede i sølv,Kjeder og Anheng,,0.5,51,530,11.97318436,3611.jpg|3614.jpg,"kjede,sterling sølv",,,,
2314,"N044 3MM 20""-2500",Panserkjede i sølv,Kjeder og Anheng,,3,51,455,6.241340782,3506.jpg|3507.jpg,"kjede,panserkjeder,sterling sølv",,,,
2315,"N044 4MM   18""-1950",Panserkjede i sølv,Kjeder og Anheng,,,45.5,455,13.46815642,3672.jpg|3677.jpg,"kjede,panserkjede,sterling sølv",Anheng i sølv med Onyz-sten og zirkoner,,,
2316,"N045 4MM 22""-1100",Panserkjede i sølv,Kjeder og Anheng,,,56,465,6.703910615,3604.jpg|3608.jpg,"kjede,panserkjede,sterling sølv",,,,
2317,"N048   18""-2000",Rørformet kjede i sølv,Kjeder og Anheng,,,45.5,480,14.64134078,3701.jpg|3702.jpg,"kjede,slangekjede,sterling sølv",,,,
2318,"N059-060c 18""-760",Marine kjede i sølv,Kjeder og Anheng,,,45.5,480,20.03307263,3529.jpg|3530.jpg|3533.jpg,"kjede,sterling sølv,mariner",Sølvanheng med rubin omkranset av zirkoner,,,
2319,N348-780,Sølvkjede med infinity-hjerte,Kjeder og Anheng,1,1.6,42,695,5.363128492,3567.jpg|3570.jpg|3571.jpg,"kjede,sterling sølv,zirkoner",,,,
2320,N367-750,Kjede med anheng i sølv,Kjeder og Anheng,2,0.75,41.5,695,5.865921788,3561.jpg|3565.jpg|3566.jpg,"sterling sølv,zirkoner,perler,anheng",Hjerte-anheng i sølv med flerfargede zirkoner,,,
2321,N407-1500,Infinity-kjede i sølv,Kjeder og Anheng,2,1,41,695,16.42458101,3716.jpg|3723.jpg,"kjede,sterling sølv,zirkoner,infinity,anheng",,,,
2322,P008-500,Blomsterkors-anheng i sølv,Kjeder og Anheng,2,1.5,,530,1.51575419,2700.jpg,"anheng,sterling sølv,kors",Anheng med sølvsirkler fyllt med zirkoner,,,
2323,P062-650,Anheng i sølv med Jesus på korset,Kjeder og Anheng,3.5,1.9,,530,2.381899441,2860.jpg|2868.jpg,"anheng,sterling sølv,kors",,,,
2324,P071   S-350,Hjerte-anheng i sølv,Kjeder og Anheng,1.25,1.5,,520,10.26145251,2856.jpg|2857.jpg,"anheng,sterling sølv,hjerte",,,,
2325,P072-550,Hjerte-anheng i sølv med pil,Kjeder og Anheng,2.25,2,,530,2.088938547,2707.jpg|2710.jpg,"anheng,sterling sølv,hjerte,kjærlighet",,,,
2326,P073-550,Heste-anheng i sølv,Kjeder og Anheng,2,1.25,,500,1.991061453,3248.jpg|3254.jpg,"anheng,sterling sølv,hestesko",,,,
2327,P079-550,Hengelås og nøkkel-anheng i sølv,Kjeder og Anheng,2,0.75,,530,1.55396648,2724.jpg|2727.jpg,"anheng,sterling sølv,nøkkel,hjerte",,,,
2328,P080-550,Hjerte-medaljong i sølv,Kjeder og Anheng,1.75,1.25,,520,1.639329609,2808.jpg|2813.jpg,"anheng,sterling sølv,hjerte",,,,
2329,P081-800,Filigran hjerte-medaljong i sølv,Kjeder og Anheng,2.5,1.8,,520,6.106815642,2817.jpg|2819.jpg|2821.jpg|2826.jpg,"anheng,sterling sølv,hjerte,filigran,medaljong",,,,
2330,P081-800,Filigran hjerte-medaljong i sølv,Kjeder og Anheng,2.5,1.8,,520,6.106815642,2869.jpg|2873.jpg,"anheng,sterling sølv,hjerte,filigran,medaljong",,,,
2332,P095-700,Sommerfugl-anheng i sølv,Kjeder og Anheng,2.5,2,,480,2.463463687,2832.jpg|2834.jpg,"anheng,sterling sølv,hjerte,filigran,sommerfugl",,,,
2334,P097-950,Heste-anheng i sølv,Kjeder og Anheng,2,3,,480,4.22972067,,"anheng,sterling sølv,hest",,,,
2336,P100-700,Kors-anheng i sølv,Kjeder og Anheng,3.2,1.8,,480,2.440223464,2689.jpg|2694.jpg|2886.jpg,"anheng,sterling sølv,kors,filigran",,,,
2337,P048-500,Filigran sølv-anheng med hjerte,Kjeder og Anheng,2.6,2,,530,2.483798883,2877.jpg|2880.jpg,"anheng,sterling sølv,hjerte,filigran",,,,
2340,P104-500,Nøkkelanheng i sølv,Kjeder og Anheng,2,0.5,,415,5.12849162,2773.jpg|2778.jpg,"anheng,sterling sølv,nøkkel",,,,
2341,P105-800,Hjertemedaljong i sølv,Kjeder og Anheng,2.5,1.75,,480,5.29877095,2837.jpg|2841.jpg|2843.jpg,"anheng,sterling sølv,hjerte,kjærlighet,medaljong",,,,
2342,P109-700,Anheng i sølv med pil,Kjeder og Anheng,2,1.5,,480,2.963128492,2749.jpg|2753.jpg,"anheng,sterling sølv,hjerte,pil",,,,
2343,P138-280,Hjerte-anheng i sølv,Kjeder og Anheng,2,1.75,,480,1.487374302,2763.jpg|2767.jpg|2770.jpg,"anheng,sterling sølv,hjerte,zirkoner,hjerte",,,,
2344,P139-250,Engel-anheng i sølv,Kjeder og Anheng,2.25,1.5,,500,1.460111732,2846.jpg|2850.jpg|2852.jpg,"anheng,sterling sølv,engel",,,,
2345,P159-350,Nøkkelanheng i sølv,Kjeder og Anheng,4,1,,500,2.29273743,2756.jpg|2760.jpg,"anheng,sterling sølv,nøkkel,hjerte",,,,
2346,PD318-750,Hjerte-anheng i sølv,Kjeder og Anheng,3.2,2.6,,630,7.141899441,2903.jpg|2910.jpg,"anheng,sterling sølv,hjerte",,,,
2347,PD323-380,Anker-anheng i sølv,Kjeder og Anheng,3.25,1.75,,665,4.022346369,2733.jpg,"anheng,sterling sølv,anker",,,,
2348,SCE324-580,Infinity øreringer i sølv med krystaller,Ørepynt,1.25,1.25,,695,4.189944134,3430.jpg,"ørepynt,sterling sølv,zirkoner,sorte krystaller",,,,
2349,SCE351-620,Øredobber i sølv med zirkoner,Ørepynt,1.4,1.4,,695,4.860335196,3465.jpg,"ørepynt,sterling sølv,zirkoner,loop",,,,
2350,SCE366-580,Infinity øreringer i sølv,Ørepynt,1.5,1.5,,695,4.357541899,3462.jpg,"ørepynt,sterling sølv,zirkoner,loop",,,,
2351,SE508-250,Hjerteformede øredobber i sølv med perler,Ørepynt,1,1,,665,2.091620112,3426.jpg,"øredobber,sterling sølv,hjerte",,,,
2352,SP002-600,Triangel-anheng i sølv,Kjeder og Anheng,2,1.5,,595,2.502793296,3195.jpg|3200.jpg,"anheng,sterling sølv,anheng,zirkoner,kremfarget,perler",,,,
2353,SP009-650,Hjerte-anheng i sølv,Kjeder og Anheng,2.2,1.5,,610,2.536759777,3241.jpg|3244.jpg,"anheng,sterling sølv,anheng,zirkoner,hjerte",,,,
2354,SP011-650,Sølvanheng med zirkon,Kjeder og Anheng,1.8,0.5,,610,1.474860335,3071.jpg|3073.jpg,"anheng,sterling sølv,anheng,zirkoner",,,,
2355,SP012-650,Hjerte-anheng med kors i sølv,Kjeder og Anheng,,,,610,3.465921788,2915.jpg|2916.jpg,"anheng,sterling sølv,anheng,zirkoner,kors,hjerte",,,,
2356,SP014-650,Sølvanheng med zirkoner og sorte krystaller,Kjeder og Anheng,,,,595,5.577653631,3104.jpg|3105.jpg,"anheng,sterling sølv,zirkoner,sorte krystaller,hjerte",,,,
2357,SP015-650,Hjerteknute-anheng i sølv,Kjeder og Anheng,2.1,1.8,,610,2.64,3087.jpg|3091.jpg,"anheng,sterling sølv,zirkoner,hjerte",,,,
2358,SP018-650,Hjerte-anheng i sølv med zirkoner,Kjeder og Anheng,2,15,,610,2.197541899,2713.jpg|2720.jpg,"anheng,sterling sølv,zirkoner,hjerte",,,,
2359,SP035- 650,Pusekatt-anheng i sølv,Kjeder og Anheng,2,1,,595,3.832849162,3205.jpg|3208.jpg,"anheng,sterling sølv,zirkoner,sort,hjerte,pusekatt,pink",,,,
2360,SP043-500,Hjerte-anheng i sølv,Kjeder og Anheng,2.4,1.6,,610,3.082458101,3006.jpg|3010.jpg|3013.jpg,"anheng,sterling sølv,hjerte,zirkoner,rosa krystaller",,,,
2361,SP044-600,Blomster-anheng i sølv,Kjeder og Anheng,2.5,1.8,,555,2.051396648,2949.jpg|2954.jpg,"anheng,sterling sølv,blomster,zirkoner",,,,
2362,SP048-650,Perleanheng omkranset av zirkoner,Kjeder og Anheng,2.2,1.5,,610,3.347932961,3211.jpg|3216.jpg,"anheng,sterling sølv,kremfarget,perler,zirkoner",,,,
2363,SP050-800,Sølv-anheng formet som en blomst,Kjeder og Anheng,,,,595,3.432402235,3075.jpg,"anheng,sterling sølv,perler,zirkoner,blomster",,,,
2364,SP057-900,Kors-anheng i sølv med zirkoner,Kjeder og Anheng,3,1.75,,555,3.231284916,2957.jpg,"anheng,sterling sølv,kors,zirkoner",,,,
2365,SP062-550,Anheng i sølv med perle,Kjeder og Anheng,2.4,1.2,,555,2.051396648,3116.jpg|3121.jpg,"anheng,sterling sølv,hjerte,perler,zirkoner",,,,
2366,SP087-800,Delfin-anheng i sølv,Kjeder og Anheng,3.2,1.4,,555,2.601117318,2896.jpg|2900.jpg,"anheng,sterling sølv,delfin,ball,zirkoner",,,,
2367,SP135-260,Syklonformet sølvanheng med zirkon,Kjeder og Anheng,2.1,1.25,,610,2.138547486,3000.jpg|3004.jpg,"anheng,sterling sølv,zirkoner,syklon",,,,
2368,SP144-280,Pusekatt-anheng i sølv,Kjeder og Anheng,1.9,1.75,,555,2.306145251,3145.jpg|3149.jpg,"anheng,sterling sølv,zirkoner,pusekatt,rosa krystaller",,,,
2369,SP146-250,Hjerte-anheng i sølv med zirkonblomst,Kjeder og Anheng,2,1,,595,1.573184358,3182.jpg|3184.jpg,"anheng,sterling sølv,blomster,zirkoner",,,,
2370,SP147-300,Sølvanheng med rubin,Kjeder og Anheng,1.9,1.25,,610,2.050055866,2995.jpg|2999.jpg,"anheng,sterling sølv,rubin,zirkoner,rund",,,,
2371,SP148-260,Anheng i sølv med sort krystall,Kjeder og Anheng,2.2,1.1,,610,1.504357542,3112.jpg|3114.jpg,"anheng,sterling sølv,sorte krystaller,zirkoner",,,,
2372,SP149-380,Solformet sølvanheng med zirkoner,Kjeder og Anheng,2,1,,595,2.48849162,2970.jpg|2976.jpg,"anheng,sterling sølv,zirkoner,firkant",,,,
2373,SP166-250,Løvformet sølvanheng med zirkon,Kjeder og Anheng,2.5,0.9,,610,1.725586592,3052.jpg|3055.jpg|3058.jpg,"anheng,sterling sølv,løv,zirkoner",,,,
2374,SP174-280,Hjerte-anheng i sølv,Kjeder og Anheng,2,1.5,,555,1.662569832,2744.jpg|2746.jpg,"anheng,sterling sølv,hjerte ",,,,
2375,SP176-300,Hjerte-anheng i sølv med sommerfugl,Kjeder og Anheng,,,,595,1.644692737,3015.jpg|3021.jpg|3023.jpg,"anheng,sterling sølv,hjerte,sommerfugl",,,,
2376,SP178-300,Ringformet sølvanheng,Kjeder og Anheng,2.5,1.2,,610,1.592849162,3045.jpg|3049.jpg,"anheng,sterling sølv,ring,zirkoner",,,Lengde varierer mellom 24 - 26 cm.,
2377,SP179-320,Anheng i sølv med zirkoner,Kjeder og Anheng,2,2,,595,2.188156425,3130.jpg|3133.jpg,"anheng,sterling sølv,hjerte,zirkoner",,,,
2378,SP182-260,Pusekatt-anheng i sølv,Kjeder og Anheng,3,1,,595,1.487374302,3136.jpg|3140.jpg,"anheng,sterling sølv,pusekatt,zirkoner",,,,
2379,SP183-350,Sølv-anheng med to hjerter,Kjeder og Anheng,2.5,1.75,,595,2.517094972,2934.jpg|2939.jpg,"anheng,sterling sølv,hjerte,zirkoner",,,,
2380,SP184-260,Kometformet sølvanheng,Kjeder og Anheng,2.75,0.8,,610,1.578100559,2985.jpg|2988.jpg,"anheng,sterling sølv,komet,zirkoner",,,,
2381,SP193-420,Knutehjerte-anheng i sølv,Kjeder og Anheng,2.75,2,,595,3.289385475,2944.jpg|2945.jpg,"anheng,sterling sølv,zirkoner ",,,,
2382,SP199-350,Sølvanheng med nøkkel og hjerte,Kjeder og Anheng,3.2,1,,595,1.902122905,,"anheng,sterling sølv,hjerte,nøkkel,zirkoner",,,,
2383,SP200-350,Sølvanheng med zirkon,Kjeder og Anheng,3.25,0.6,,610,2.138547486,3097.jpg|3099.jpg,"anheng,sterling sølv,square,zirkoner",,,,
2384,SP206-450,Kors-anheng i sølv med stener,Kjeder og Anheng,3,1.6,,610,2.964469274,2889.jpg|2893.jpg,"anheng,sterling sølv,kors,zirkoner",,,,
2385,SP211-250,Dråpeformet sølv-anheng,Kjeder og Anheng,2,0.8,,610,10.47150838,3038.jpg|3041.jpg|3044.jpg,"anheng,sterling sølv,dråpe,zirkoner",,,,
2386,SPD306-450,Infinity-anheng i sølv,Kjeder og Anheng,2.75,0.75,,695,3.687150838,3080.jpg|3085.jpg,"anheng,sterling sølv,zirkoner,infinity,sorte krystaller",,,,
2387,SPD307-480,Anheng i sølv med Onyz-sten,Kjeder og Anheng,,,,695,3.519553073,2965.jpg|2967.jpg,"anheng,sterling sølv,zirkoner,sorte krystaller",,,,
2388,SPD315-480,Sølvanheng med ametyst og zirkoner,Kjeder og Anheng,2.75,1,,695,3.351955307,2977.jpg|2981.jpg,"anheng,sterling sølv,ametyst,zirkoner",,,,
2389,SPD330-480,Infinity-anheng i sølv med zirkoner,Kjeder og Anheng,1.75,1.2,,695,2.849162011,,"anheng,sterling sølv,infinity,zirkoner",,,,
2390,SPD338-850,Anker-anheng i sølv,Kjeder og Anheng,2.2,1,,695,1.675977654,3126.jpg|3127.jpg,"anheng,sterling sølv,anker,zirkoner",,,,
2391,SPD348-380,Infinity-anheng i sølv,Kjeder og Anheng,,,,695,3.016759777,3187.jpg|3191.jpg,"anheng,sterling sølv,zirkoner,infinity",,,,
2392,SPD364-1200,Anheng med sølvsirkler,Kjeder og Anheng,3.5,2.5,,685,10.91396648,3025.jpg|3029.jpg|3032.jpg,"anheng,sterling sølv,sirkler,zirkoner",,,,
2393,SPD371-550,Dobbelthjerte-anheng i sølv,Kjeder og Anheng,2.2,2.4,,695,3.519553073,2737.jpg|2742.jpg,"anheng,sterling sølv,hjerte,zirkoner",,,,
2394,SPD378-850,Mikke-anheng i sølv,Kjeder og Anheng,3.2,2.2,,695,9.38547486,3064.jpg|3068.jpg,"anheng,sterling sølv,rund,zirkoner,barn",,,,
2395,SSE316-450,Øredobber i sølv med zirkoner,Ørepynt,1,1,,695,3.184357542,3469.jpg|3470.jpg,"ørepynt,sterling sølv,zirkoner,oval",,,,
2396,SSE324-420,Knute-øredobber i sølv med zirkoner,Ørepynt,1,1,,695,2.849162011,3475.jpg," Sterling,øredobber,knuter,link,zirkoner ",,,,
2397,SSE333-450,Infinity øredobber i sølv,Ørepynt,12,6,,695,3.519553073,3437.jpg|3457.jpg,"ørepynt,sterling sølv,zirkoner,hjerte,infinity",,,,
2398,SSE337-420,Øredobber i sølv,Ørepynt,1.4,4,,695,2.681564246,3480.jpg|3482.jpg,"ørepynt,sterling sølv,zirkoner,infinity",,,,
2399,SSE341-420,Løvformede øredobber i sølv,Ørepynt,1.75,0.75,,695,3.184357542,3486.jpg,"ørepynt,sterling sølv,zirkoner,løv ",,,,
2400,SSE366-480,Ørepynt i sølv med sorte krystaller,Ørepynt,1,1,,695,3.854748603,3491.jpg,"ørepynt,sterling sølv,zirkoner,sorte krystaller,hjerte",,,,
,,,,,,,,,,,,,,
,,,,,,,,,,,,,,
,,,,,,,,,,,,,,
,,,,,,,,,,,,,,
,,,,,,,,,,,,,,
,,,,,,,,,,,,,,
,,,,,,,,,,,,,,
,,,,,,,,,,,,,,
